"yield.t.ha.","Phosphorus_ppm"
9.55787,10
8.88999,9
11.8814,12
10.3574,10
12.6253,14
11.6417,11
10.2903,11
13.1626,16
12.5382,21
10.0715,14
11.2551,14
13.269,15
10.9829,14
9.02014,38
8.66074,35
8.59523,39
10.534,25
8.44391,58
10.8834,29
7.86463,74
16.2124,33
9.79714,13
9.17315,19
7.81339,20
8.23296,24
7.74365,20
8.78859,18
8.95925,19
8.66825,19
8.69327,29
9.36917,40
8.59755,19
9.09749,34
6.56289,22
6.8477,31
7.38187,26
7.63869,34
7.85863,24
4.67421,12
4.92704,18
7.82506,19
3.90619,34
8.64675,46
7.66504,16
8.78376,29
8.81978,19
8.78639,25
8.40379,14
6.20097,26
7.7799,17
8.13314,15
7.9436,14
7.7703,17
5.78196,15
7.30359,25
7.48168,19
5.4633,25
3.02639,22
5.65836,19
2.97698,29
5.43433,29
7.85037,20
7.75892,24
8.15972,25
7.21385,41
9.10911,36
8.96779,51
7.73961,20
7.65226,20
7.34008,34
9.50994,42
8.02852,29
9.03441,35
8.98617,42
7.4285,39
5.49343,41
9.18067,26
6.81684,10
8.51489,25
8.53533,66
7.95812,17
7.57181,48
9.69303,33
9.75331,56
10.0948,23
7.34179,26
9.27184,62
8.7132,71
10.5299,52
7.95537,48
10.7824,48
8.16932,62
7.11684,59
8.63975,64
9.73504,64
5.21132,18
9.08557,16
10.1126,16
9.91909,21
10.2113,40
9.34553,20
9.57972,43
9.19723,26
8.84148,19
7.28244,20
9.53938,48
9.29587,42
8.99904,19
8.89912,46
8.55202,55
8.59036,27
8.17146,48
11.562,51
11.1474,49
6.821,72
10.06,46
6.42858,68
9.01904,53
9.39804,57
10.2009,48
10.037,33
12.676,27
12.0977,20
12.7647,89
2.66645,64
6.04411,60
10.5337,60
14.1592,19
11.0325,24
10.0326,21
4.06947,41
9.84867,27
10.1609,30
10.188,19
10.6742,30
9.10607,18
9.32753,31
8.38972,27
8.45973,42
8.88965,12
8.27748,7
8.07571,9
7.51441,17
4.76621,14
7.74282,14
5.05407,32
8.03946,22
9.42541,16
9.93452,26
9.92434,28
9.37263,27
8.80666,38
8.7365,31
7.92937,35
9.50702,30
9.83599,32
9.90946,23
7.30291,40
9.30562,17
8.125,20
10.2235,39
8.30819,19
10.6393,15
10.4696,12
7.60156,12
7.62354,13
7.70678,11
9.10921,14
9.67308,18
11.5528,35
11.1578,36
11.1004,33
9.82837,18
9.47073,18
9.61602,23
9.29202,23
9.96409,15
10.1881,19
9.86048,15
10.4189,21
10.4423,21
10.1295,18
10.2511,14
11.1679,9
9.47352,15
10.3088,24
10.8065,9
9.42983,23
8.31264,19
9.93789,34
10.4364,12
9.49408,29
9.03522,25
9.58461,21
8.68232,22
7.97844,12
8.64417,28
3.74103,21
8.71094,14
6.72921,19
7.54469,32
6.79167,22
7.38836,47
7.69348,38
8.47151,17
8.4637,26
9.2149,21
8.7017,29
7.19264,25
8.21252,15
9.65,32
10.4958,20
9.70619,17
10.6982,25
9.9407,31
10.3321,20
10.5085,25
10.2388,38
6.65428,12
9.7829,25
10.8842,28
8.30087,14
9.58131,30
7.58285,21
9.99678,20
9.44838,18
8.08613,16
8.10015,18
9.89422,24
9.75466,29
8.80203,20
7.79929,11
5.31893,10
9.2458,22
9.76867,67
9.0806,14
7.96271,12
9.5696,17
4.72376,13
8.33568,6
8.68632,17
9.37479,17
8.80283,14
8.15115,6
9.94088,26
8.74476,26
8.43622,17
10.5317,23
10.7143,27
10.3341,23
7.0373,26
6.50659,17
8.86818,29
6.84807,17
10.1454,21
10.1847,20
8.99442,35
9.11171,26
8.1858,17
9.46811,16
9.76995,13
9.0387,15
9.24724,12
10.2944,14
8.82877,22
10.6849,31
8.5237,29
10.4377,14
10.8008,28
9.73435,21
9.75431,33
9.98543,19
8.01129,30
9.83916,26
10.9038,19
9.43662,19
11.5449,18
11.5929,15
10.0002,31
10.2323,31
9.216,16
10.1706,20
8.46639,37
9.22722,40
10.4317,27
10.3623,21
9.44077,29
8.28767,30
9.79897,31
9.95705,24
8.35402,45
11.0189,22
9.61343,29
11.1069,22
9.9117,17
9.29337,28
10.8078,22
9.36133,25
8.63897,19
10.8343,16
10.3092,17
11.5096,25
10.0644,17
9.60637,20
9.21005,13
10.5994,10
9.88277,18
9.79891,7
9.76731,7
9.50886,23
9.40676,24
9.15885,10
8.62291,19
7.52102,36
9.54161,28
8.48425,15
7.27199,10
11.6845,12
9.61378,12
8.64756,39
10.3491,13
10.9534,10
10.7658,12
10.6556,68
10.8614,10
11.2066,58
10.6701,22
11.3332,58
8.42436,12
8.27947,28
12.506,41
10.8102,31
8.55378,22
7.72444,23
10.9312,60
8.74104,40
11.5759,41
8.71271,26
8.22757,27
9.95814,22
9.08845,35
13.225,29
11.8501,24
10.6002,23
10.4096,55
8.35289,34
8.61424,30
8.47321,26
10.9051,24
10.2725,10
11.3813,61
10.9141,33
9.7262,11
10.4995,12
9.31844,22
10.1689,23
10.9629,55
9.53294,31
9.38554,27
8.62016,31
7.28166,20
10.2339,18
9.1381,14
9.48574,42
10.5136,21
10.5582,57
10.526,14
9.23974,34
10.5621,43
10.7228,31
9.62121,42
10.8976,57
8.47358,43
9.75946,10
7.86098,29
8.50456,27
10.3697,54
10.4728,11
10.4474,31
7.79573,43
10.6477,22
9.99305,27
8.52661,22
10.2195,39
7.84059,33
10.7512,31
8.99031,41
10.3401,41
8.92782,12
12.4045,17
10.0893,32
6.78278,42
9.40833,38
9.1562,48
10.9995,13
8.58651,14
13.0386,15
11.5967,16
9.74841,39
11.6048,22
10.9907,16
9.90236,13
8.95905,52
10.2493,12
9.8352,13
10.641,26
12.0353,24
8.76883,34
9.96018,35
10.92,31
10.569,37
11.6576,14
10.6788,14
8.58093,39
12.2798,21
10.5572,22
4.59889,24
8.63606,20
10.582,13
13.2967,11
8.62296,25
14.1517,16
10.7387,16
9.51658,31
10.3063,12
7.61589,16
13.5808,24
8.51578,11
10.4834,20
12.3458,18
10.4665,20
8.46354,38
13.4334,20
10.0278,26
7.042,20
8.54924,23
12.0891,14
8.67181,25
6.56069,34
8.74703,45
9.8566,24
9.63565,26
9.37726,34
8.88015,35
8.34983,29
9.77749,32
8.54519,15
7.41359,26
9.62978,21
9.41406,32
8.59753,9
8.82938,17
10.6521,22
9.77598,18
6.88005,33
9.69583,9
9.14386,35
9.6983,30
11.7179,22
9.23564,23
10.6931,36
9.75903,49
10.275,23
8.34365,36
8.7793,26
11.6985,39
10.1034,22
6.24596,28
10.5129,20
9.88755,27
10.3606,28
10.0985,23
9.46502,38
9.24823,28
7.1264,30
8.73473,28
14.4321,32
12.5057,54
10.2578,29
9.15351,60
10.0796,24
10.0096,34
9.6406,30
7.55453,43
8.36116,37
14.0946,50
11.7204,47
10.263,26
10.5822,41
9.66368,51
5.82713,34
11.9434,40
11.7198,38
9.97105,69
9.82277,69
10.0229,56
9.67941,51
10.1125,74
8.90782,96
9.83286,52
11.1311,53
10.7023,29
10.2681,82
9.79465,77
9.36214,17
10.2413,40
7.69819,50
10.4256,53
8.78507,13
6.4971,32
14.1888,20
10.2733,27
9.67165,37
10.197,23
10.2024,16
9.2364,36
10.2822,27
9.9279,12
8.63293,15
10.1471,15
9.95006,19
9.66033,22
9.07018,38
13.7352,18
10.275,23
8.06932,10
13.3452,20
7.32233,16
6.1168,35
9.27016,39
10.8237,70
8.82891,18
9.70496,22
9.13862,47
9.62991,21
9.63653,16
7.53538,22
6.75934,14
13.6381,35
7.92535,21
9.3023,11
6.78277,51
12.4093,94
13.2001,35
9.05609,21
12.6075,71
11.6719,27
13.4694,22
11.1051,84
7.10317,53
10.8641,63
10.1539,40
9.00838,16
6.51122,34
9.06086,16
11.4885,18
7.73939,27
10.0718,28
10.6989,16
6.94139,21
9.56061,14
7.24195,17
8.94472,14
9.52359,17
7.10866,17
7.28671,33
8.84421,16
7.40645,15
8.01254,34
8.13245,17
7.68483,40
6.94104,32
8.24104,44
6.06276,13
6.81149,42
7.34374,12
9.63217,24
10.0418,38
8.13414,28
10.7702,25
7.22026,14
9.82325,14
9.5759,17
10.1619,23
11.313,42
8.10253,16
3.61304,22
8.11411,24
7.8698,26
10.577,18
9.33654,15
8.63383,14
10.5088,22
9.77912,12
8.37739,22
9.39657,16
10.6131,19
10.9528,16
10.7049,18
10.7049,18
11.2238,21
10.9974,21
10.6394,40
10.4113,16
9.91865,26
10.0518,22
10.5404,26
12.1304,27
10.1907,25
9.20022,19
12.2806,10
9.55085,40
9.59101,22
7.01661,10
8.39894,11
6.04999,14
7.62055,12
8.69926,12
6.35219,25
7.81826,15
10.5186,30
7.33765,22
7.57319,21
6.42834,19
6.96972,33
7.30102,14
8.0302,33
6.98321,32
7.6896,18
9.32391,16
8.82466,18
7.00575,18
8.23892,38
7.38611,25
8.35616,27
8.63191,24
8.35313,29
11.7386,58
7.19965,23
7.41508,19
8.17857,15
8.41441,21
7.63827,15
5.6002,20
5.93032,30
5.94777,14
10.5221,20
7.89499,21
7.58997,21
9.36953,19
7.92119,17
8.65642,18
8.63904,21
6.54586,33
9.16819,16
8.90801,18
9.73441,31
3.93905,16
9.32984,39
10.1054,18
8.79383,31
8.78265,5
5.30266,26
9.66174,18
7.66014,15
8.98096,30
6.4385,14
7.91848,18
9.96106,21
10.6777,25
9.75107,14
9.59172,16
9.61385,31
10.7997,22
8.83058,22
9.07774,32
10.4568,21
9.95531,27
10.7111,26
10.0701,21
10.1754,30
10.835,31
8.86249,30
8.70108,27
9.91831,27
9.34203,24
9.8376,25
8.19928,30
10.4895,31
10.9884,30
11.4427,28
10.2637,32
7.37522,21
10.5643,34
11.0875,8
6.87754,39
11.5438,34
4.83655,47
9.46539,19
7.25945,57
10.8319,11
10.1491,9
9.77128,62
11.2557,10
7.3974,19
7.08958,19
12.3155,21
11.0244,20
8.64231,78
7.46274,22
10.6197,24
9.05038,41
12.8223,24
12.0136,28
12.076,23
11.6622,11
10.349,59
9.39101,35
13.3818,62
7.1622,25
7.83486,51
8.08158,52
11.7497,40
9.74882,36
9.04934,98
8.86073,27
7.56556,72
6.06658,103
5.20366,39
9.64562,41
10.8996,28
9.24281,16
9.19059,17
7.63445,17
8.05176,17
7.84735,35
8.76761,13
8.14595,26
9.04156,32
9.56531,34
10.5084,39
9.98958,23
8.33651,13
10.1708,34
11.0821,27
11.3612,30
7.84546,40
10.3733,23
11.3231,39
11.6604,32
7.85454,11
11.0603,35
10.2215,16
8.83463,24
8.13105,32
6.30732,22
8.2662,20
8.21305,29
9.56599,20
8.60676,22
9.84068,21
9.30577,38
10.3627,43
8.90659,61
10.6864,38
9.6144,38
6.21695,99
10.0934,39
8.91136,58
9.7912,14
8.00184,52
9.1728,40
9.70995,37
7.89654,40
10.2118,28
6.83386,19
11.0337,29
10.0208,27
7.98048,50
9.61784,53
9.88725,17
8.50057,26
7.33524,12
8.94278,31
8.45017,31
7.52277,30
8.54298,12
10.7998,33
7.24788,12
11.8443,40
8.12194,21
7.55809,32
8.11796,62
9.74684,19
9.20789,20
8.04553,34
9.68292,19
8.22584,32
8.73464,40
8.23943,40
9.58325,19
10.054,14
11.1716,17
9.09773,41
9.79876,14
9.47311,21
9.11717,20
9.95527,29
9.06091,38
11.5708,17
8.07637,55
10.2698,25
8.54276,61
7.8478,38
9.31574,17
8.14299,31
10.4404,30
9.95047,29
10.1132,20
8.42912,30
10.1551,36
8.06297,30
9.87522,30
10.2035,50
8.05109,33
10.6734,30
9.1352,30
10.0981,62
10.2746,29
11.6644,31
6.6339,23
9.05022,40
7.99486,30
7.96147,30
9.18903,32
10.1322,65
9.39059,36
8.231,17
9.76116,41
8.64944,23
9.52768,27
8.15341,31
8.59033,30
9.40632,17
7.71194,27
8.29,25
9.22109,26
9.87033,30
9.24539,12
7.68518,24
9.60202,75
10.7983,27
10.4053,48
9.07014,31
9.38871,33
8.5478,55
10.0698,65
9.42982,51
7.86565,33
8.82956,21
9.99567,37
6.59266,21
9.45023,33
9.22613,51
9.5422,12
10.814,37
7.84263,52
8.84337,36
10.0243,32
10.241,46
9.31015,32
8.4092,55
10.2962,42
8.32118,24
7.51419,25
8.94727,29
10.7006,44
10.2338,39
5.21496,28
9.55838,37
8.14399,20
10.0265,60
8.41096,16
10.3087,43
9.01995,47
8.98587,57
9.90633,42
10.6629,30
8.9432,33
8.98804,49
9.15339,31
7.98639,76
10.3505,54
9.4839,48
8.8181,20
10.4893,50
9.77369,28
9.07426,52
9.72947,33
10.3394,45
8.74359,38
9.20646,61
9.19615,61
9.48022,26
9.77389,68
9.09832,26
7.89975,20
10.0229,41
9.8601,42
9.45666,50
9.69687,21
8.50765,29
9.47558,31
8.59851,19
8.78488,29
10.0636,25
8.71435,24
9.70134,24
7.38878,33
9.91495,33
8.85795,29
8.39541,24
9.37835,50
9.17946,26
8.60589,26
9.17504,30
8.23342,29
8.99924,50
7.71985,39
7.53437,37
8.14261,26
7.97606,39
8.1337,30
10.0419,35
9.43372,38
9.20522,40
9.69425,39
9.0695,39
6.73049,14
9.41713,38
6.09382,23
8.44721,31
9.61958,30
7.63501,34
9.33654,24
8.36372,18
10.5473,25
7.02088,30
8.1954,29
7.43242,22
8.81073,18
8.0373,38
9.19163,19
6.08379,12
9.33675,18
6.95512,53
8.67152,22
5.93124,20
6.93231,13
7.37405,9
8.75502,15
10.0515,18
9.22861,35
8.25922,22
7.52438,30
9.19551,15
9.41976,16
9.67149,44
9.67149,44
6.80548,28
7.11627,24
8.56496,25
7.5879,30
9.1604,24
7.19344,26
9.58484,33
9.58484,33
10.4041,44
10.4041,44
11.4744,25
11.4744,25
7.48163,20
6.48344,22
7.91615,13
10.1335,32
8.77138,32
8.10536,11
9.06232,21
8.84077,42
10.3623,23
10.5419,35
5.88585,27
10.3123,35
8.14386,11
10.1802,44
9.04615,18
10.2241,23
10.2469,29
10.3651,19
9.9491,29
11.1233,28
8.34231,14
8.85666,23
9.81882,23
9.9748,25
10.1814,29
8.67014,15
9.23655,29
10.0361,20
8.86534,36
10.103,38
8.00879,10
8.75488,20
7.9485,20
8.45797,20
12.6896,32
8.50198,17
7.33092,8
4.64328,12
10.7937,24
10.6499,11
11.502,24
9.61217,19
8.61357,19
8.7359,25
8.87737,23
9.50397,33
5.85278,17
7.02134,17
8.49078,17
7.58515,21
7.46524,17
7.18003,16
7.23256,29
5.89562,30
7.12288,16
8.75946,22
5.62855,24
5.23934,30
5.9719,31
9.20151,20
13.3027,42
13.5067,42
11.6176,62
14.0479,42
14.4216,42
13.9611,39
10.8339,37
12.9102,38
13.511,45
11.3731,44
13.2791,37
12.7063,54
12.333,65
13.0582,44
12.0513,35
11.9555,37
12.3309,31
11.7773,46
11.7772,46
12.1032,46
11.4676,32
8.20171,39
11.1284,32
10.1945,62
10.2298,28
8.66436,61
10.8044,58
11.2514,59
11.1437,41
7.60067,33
9.93293,53
8.26837,19
10.6533,68
9.87067,59
7.97391,33
10.7639,44
9.44765,33
10.0362,31
9.92817,52
10.004,30
10.8432,24
6.15627,37
11.5082,22
8.66561,31
11.2506,36
6.28854,45
10.527,30
5.41533,55
11.1934,18
7.43743,26
9.89518,48
10.9389,17
5.94067,37
11.5486,44
11.9313,17
10.818,42
11.9352,18
5.41313,15
10.9931,17
11.4146,52
11.1584,38
11.9232,15
0.865646,15
10.953,25.4
10.9493,15
10.7292,43
10.6225,18.2
11.2653,15
10.5584,38.4
11.5681,52.8
11.8058,17
9.45706,48.8
12.21,17
11.3719,15
11.3031,15
9.41074,22.2
9.92802,14.8
10.8484,34.2
10.1743,28
9.365,15.8
10.7618,30.8
10.8921,19
11.2405,27.4
9.63883,20.2
11.5738,19.4
9.85875,13.6
9.47906,28
10.4375,17.8
10.4532,29.4
10.1594,15.4
10.5077,15.6
10.0788,14.2
9.58285,17.6
10.1779,11.4
9.19348,16
9.19348,16
9.35029,13
9.35029,13
8.31506,23
8.31506,23
10.0571,15
10.0571,15
9.36547,17
9.36547,17
9.1417,21
9.1417,21
9.47319,21
9.47319,21
10.4346,15
4.4332,17
9.57921,21
8.94296,21
7.16758,16
9.90712,19
9.34464,12
10.5261,20
9.73134,36
6.62972,36
9.01214,32
6.00548,20
8.85521,12
5.75672,38
5.16875,20
8.98657,38
8.53348,15
9.10428,13
8.92172,11
8.75642,14
8.78177,12
8.55221,28
8.09079,28
9.39189,16
8.87276,27
8.60551,41
8.31906,21
8.84177,15
9.03505,18
8.59518,27
7.85123,25
7.11153,25
8.69733,15
8.36787,18
3.4517,49
4.2776,38
6.7696,15
8.71584,22
3.62333,38
8.26399,19
5.95288,22
7.57905,18
4.84673,19
7.20664,20
8.71441,26
7.59009,32
2.25456,49
5.90793,18
8.43547,26
5.00398,19
8.25953,36
5.07122,18
8.19355,20
8.05583,18
8.63836,15
7.03218,15
8.37897,36
8.30777,14
8.93613,32
8.16857,29
7.11693,31
8.45942,27
8.68691,14
8.35805,14
7.33187,21
6.47022,27
6.59031,54
5.3631,54
4.91376,31
8.1416,23
8.14766,22
9.05337,14
6.71198,38
7.07212,42
7.69006,22
7.79534,35
7.49212,35
6.64323,26
10.1438,31
9.58637,26
5.04089,22
9.91683,39
8.90294,37
8.76857,32
8.65049,26
9.33212,35
9.48052,41
9.72413,26
8.88518,53
8.80428,24
3.29994,49
9.8681,31
3.60787,49
9.38627,46
9.10552,36
7.99682,89
6.98507,27
5.59865,43
9.07409,76
8.96372,51
4.61473,49
6.42739,18
8.0837,39
9.92832,47
9.81876,32
9.16747,50
8.93446,54
8.02326,32
8.76311,54
8.26901,56
7.69544,50
3.72463,24.67
3.08528,20
9.17142,34
8.6944,44
11.6149,12
9.48257,16
10.204,36
9.40771,21
12.3108,8
8.37315,26
12.1911,16
8.50211,27
10.329,10
10.3493,30
9.85556,21
10.8579,17
12.8539,13
9.89289,13
9.61442,12
9.21815,17
10.8923,17
8.79564,36
11.7789,22
13.1238,22.5
9.93968,10
10.1384,15
10.658,11
8.71579,27
10.8526,9
10.3233,15
9.40016,10
10.9241,15
10.4489,17
11.1269,7.5
11.122,16
10.9575,15
9.51724,14
10.7488,18
10.4894,11
9.07081,35
8.59729,27
11.7084,16
12.3608,13
10.3262,15
11.3928,34
8.48937,27
9.18349,28
9.70431,17
10.3944,20
11.8784,20
9.59703,21
10.9911,13
11.0002,24
10.1744,23
10.0304,15
9.26448,18
11.0511,26
10.3543,16
8.91574,15
12.6879,41
10.2847,12
10.5302,16
7.90778,16
13.0698,25
13.7862,27
12.8973,39
10.3232,15
13.3562,31
11.2597,14
9.82398,16
9.54761,14
8.27193,21
8.3789,12
9.33628,52
8.2572,15
10.2242,18
8.18081,16
11.2481,21
7.58622,15
13.3171,26
10.247,17
11.5695,19
10.2197,17
11.2593,18
10.9558,39
6.63067,15
10.2212,25.5
10.9813,59.5
11.6167,20
8.52095,21
10.9579,19
11.0466,18
10.9922,18
8.5181,15
7.51113,15
10.916,18
10.4209,22
11.4287,59
11.8726,57
10.2738,26
12.4218,32
10.8899,59
10.5621,53
10.7999,29
13.0954,28
8.80682,17
11.447,23.6
10.0415,20
0.609694,19
10.6616,14
11.6384,30
12.6401,37
9.60971,35
9.61008,33
8.17857,33
7.92353,18
9.80143,18
9.58022,35
11.9903,15
11.2844,11
9.9123,13
12.2144,40
8.907,23
7.03871,13
9.96587,15
9.96738,26
10.7163,12
9.6279,16
10.9885,16
11.1225,20
10.2735,22
8.09369,22
10.1569,12
10.4722,15
7.55064,14
9.3852,8
10.3949,12
10.345,8
11.0306,15
9.20995,8
9.02664,26
10.8917,13
10.0426,17
9.59493,23
9.21116,17
10.0407,55
9.96102,19
9.79809,50
10.7721,60
11.6998,31
10.18,13
8.78111,14
9.90943,19
10.4872,19
12.1587,12
10.1343,10
7.87258,25
10.7665,13
8.18909,21
10.3836,48
9.80534,10
11.0338,32
10.6513,63
10.9969,14
9.92935,43
9.06747,34
10.359,25
7.56742,21
7.19497,10
11.1566,47
8.4979,22
7.68495,18
10.5993,54
9.83829,26
12.1318,51
9.22066,18
11.824,51
11.9634,50
10.5265,54
9.48714,23
9.32546,11
11.2989,51
10.0285,9
10.2909,13
11.3897,33
7.71012,27
11.2248,38
11.038,38
11.1007,44
9.68101,20
11.3597,33
10.558,28
11.9825,27
8.42788,6
11.5333,52
11.1403,36
8.63827,30
9.94211,18
8.95374,6
12.0588,43
9.11793,24
11.6261,23
11.1152,7
12.2276,36
8.03754,12
9.74648,38
7.82207,17
11.6398,8
9.74209,10
11.1209,35
11.361,30
10.3822,17
10.1813,19
11.3124,47
10.186,9
10.6563,45
9.47445,41
10.9585,45
10.5064,41
10.8758,8
10.8483,30.5
11.2487,28
12.1776,34
10.5601,25
11.3042,13
10.6075,8
13.1964,12
8.73171,10
12.1876,12
10.9639,9
9.87926,12
8.37299,60
11.3629,10
10.3741,41
8.86639,11
12.0702,22
7.18497,14
11.0039,15
10.9958,10
9.00128,13
14.1859,9
10.1384,8
10.2911,21
12.4537,20
9.82495,16
10.7519,17
10.8953,8
10.6329,52
13.3406,13
8.12022,18
9.98691,9
10.9981,32.5
9.85285,21
9.80935,16
8.22314,14.67
10.3591,9
9.41774,7
10.4204,42
8.58663,12
10.1204,13
11.3888,12
8.5023,47
9.58465,15
9.35891,11
5.52207,30
9.93409,26
9.61126,42
9.3852,11
10.473,12
7.77736,14
7.69563,10
10.2077,6
10.5777,38
10.1998,52
7.36308,18
10.0165,28
9.72987,37
9.7404,10
9.06265,30
11.0784,11
9.03009,34
9.10944,9
9.51133,11
7.31473,8
10.5493,41
10.5619,6
10.7779,25.33
9.51024,25
7.80904,10
9.67772,7
10.0847,26
7.6054,10.5
10.2127,33
10.2974,6
11.1258,37
6.96292,25
9.31537,20
9.18079,13
8.63483,34
8.3791,9
8.62599,14
9.02508,19
8.33834,8
10.1656,41
10.1385,45
7.1483,8
9.35322,26
6.14937,14.5
9.6611,29
9.80404,43
10.1798,52
8.14954,22.5
6.35966,11
7.22355,8
8.92091,10
9.09397,10
7.47393,11
8.75047,10
9.6447,9
9.68686,11
9.19544,19
8.09322,15.33
8.98503,9
9.33691,54
8.10251,19
4.66259,23
9.89137,19
9.99764,17
9.26255,19
8.48334,29
9.58919,19
8.08422,20
9.6121,18
8.67094,24
8.1526,26
8.29444,23
5.9742,19
6.81867,31
6.55809,31
6.56377,25
6.88154,20
6.71546,19
6.06286,20
7.83736,28
8.50132,28
8.93586,40
9.19741,44
8.18733,55
8.24416,25
8.58679,38
8.08056,94
7.97479,28
8.12793,16
8.76649,28
7.75067,28
9.47963,50
7.96211,29
7.86896,12
8.34433,34
7.86225,41
7.78586,29
8.73626,94
8.0967,29
6.12659,32
8.19685,41
7.32927,32
7.73902,32
8.25883,41
7.9819,34
7.17942,16
8.17193,16
6.51952,31
8.70742,21
7.043,35
9.88478,16
9.69123,18
9.94321,20
10.2803,17
9.43638,27
9.43638,27
9.75676,19
9.698,27
9.698,27
8.64239,13
9.54896,11
9.76918,20
10.3798,15
10.8252,26
9.59563,16
7.97556,16
10.3849,16
10.9541,16
8.02112,15
9.70889,32
9.9146,18
9.2225,27
9.32107,24
10.7774,23
9.60172,17
5.10305,15
5.51831,16
7.93422,16
8.82203,23
9.75137,26
10.6207,19
9.23932,20
7.49404,19
6.72416,18
10.5076,20
8.48161,14
7.21586,14
9.90118,20
11.084,35
10.8087,25
6.51003,16
9.52479,29
9.35216,39
10.0243,47
9.27971,72
13.5673,33
9.30854,22
9.30375,22
11.6413,21
9.0991,37
8.39144,18
6.79339,16
9.47021,18
6.21274,17
13.0797,15
12.1421,13
8.56958,17
6.2315,18
13.3596,26
11.9377,19
11.2646,30
13.5557,24
12.1398,17
11.767,29
10.8411,18
10.4965,44
13.5634,23
11.5303,32
12.3212,13
11.4444,14
13.2585,40
9.72924,20
6.09916,21
9.50452,24
12.207,26
7.62475,14
10.1245,20
11.1751,16
10.5792,12
12.1793,15
11.511,30
11.4702,16
11.2161,16
10.418,24
13.0079,20
12.1578,32
13.5694,23
10.4771,9
11.449,25
11.9325,12
6.64863,15
10.6581,17
10.9285,26
8.91137,8
10.6218,43
10.6645,21
10.4015,36
9.9169,32
11.185,21
11.4802,20
11.784,42
9.64689,9
9.17102,28
10.9711,39
11.7415,27
7.96128,27
11.822,17
8.44799,25
9.37289,10
12.6907,19
6.37377,19
11.7489,25
11.9685,29
12.0029,25
8.09051,14
14.6926,55
6.82323,20
11.3758,24
12.5985,21
7.7626,12
13.3272,22
4.6948,6
5.69499,20
7.99784,31
12.4065,51
8.42398,4
12.026,34
9.42018,12
9.03159,19
9.80731,10
4.84662,9
11.1532,11
12.4086,15
9.49853,13
5.28244,4
10.9068,19
14.2295,64
6.89045,12
4.77054,10
11.7499,14
10.4532,11
9.83014,7
11.3785,22
7.34351,5
7.15369,11
13.4171,16
3.75849,15
8.3067,13
7.82357,10
10.3629,19
8.04262,7
5.33771,14
9.67121,19
7.63524,7
8.63608,57
10.2169,12
5.13975,21
7.55054,12
5.92966,16
3.6925,12
3.54299,11
7.24089,5
10.4312,16
9.54659,8
3.44282,15
9.51994,9
10.034,14
10.732,40
6.94535,37
6.67058,17
10.4097,26
3.755,11
4.62148,9
11.2479,17
9.65716,13
10.0956,8
4.45728,4
2.63162,7
4.67294,4
5.91854,17
11.2349,14
10.1689,45
6.43472,11
8.42881,5
9.05753,12
8.05015,38
4.34596,11
4.90312,12
9.92077,6
8.1367,12
4.26669,11
9.43915,38
4.18174,9
4.86071,14
9.51219,30
7.83127,11
9.3042,44
4.0448,9
8.80986,46
10.5407,24
6.81406,45
8.22034,18
8.86708,28
4.07361,11
3.54705,8
4.31249,8
8.81709,16
9.67866,11
4.41574,8
9.99461,51
7.42574,33
9.17754,21
3.60166,18
7.99849,14
4.47249,12
4.60442,8
3.75806,15
4.31161,8
3.79604,15
4.19928,12
9.89457,14
3.68929,10
7.18135,21
4.38223,10
7.36065,30
4.58338,12
10.8128,15
8.72215,49
11.1752,18
6.14326,70
4.43155,40
5.74083,40
6.32819,16
8.75398,24
8.97147,24
9.86891,16
9.99868,24
9.58362,16
11.5678,14
12.6233,22
9.15889,16
8.73018,17
10.8275,16
10.4936,17
11.1771,18
9.35651,26
11.8368,25
8.50456,14
6.234,14
11.1521,23
8.0393,14
8.04516,15
8.09822,19
10.5339,20
9.20117,13
12.1933,28
9.48646,23
7.21119,22
8.48246,14
9.48064,11
11.1712,29
9.18459,15
7.7572,16
10.7723,17
9.80695,17
9.06512,13
10.3697,15
10.0518,16
7.95734,18
8.5323,18
8.16483,17
7.33299,19
8.65815,17
8.97972,21
8.049,17
7.09288,27
7.37768,27
8.75884,19
8.46304,27
8.22654,21
8.42767,27
8.83717,34
9.52931,70
9.31091,19
9.31626,21
8.81716,19
9.24629,48
9.08432,76
9.77155,41
9.57013,20
10.0099,19
9.15252,24
10.7815,65
9.30339,41
11.0646,42
10.3003,19
8.05282,28
9.23975,20
11.0228,61
10.5323,41
9.58604,20
10.8975,49
7.01413,76
10.0179,19
9.80641,13
9.14775,19
10.3188,61
8.74575,40
9.18058,28
10.113,17
8.69461,33
8.23415,28
9.14183,33
9.11404,36
9.56059,39
8.89719,48
8.84773,39
10.7888,19
9.86299,17
9.81527,21
10.692,16
9.89546,12
10.0616,20
9.64164,27
9.23793,22
7.7256,30
8.82472,23
9.14468,16
9.0617,19
9.24839,16
8.40373,14
9.6977,20
10.2971,31
8.40664,11
8.71373,21
8.79276,14
10.7758,18
8.88134,14
9.13946,21
7.97198,17
9.57549,12
8.91957,25
10.248,20
9.09821,16
10.5397,17
11.0263,13
9.14996,20
10.6961,17
9.27163,9
10.1207,11
9.76559,14
9.17032,15
11.3441,23
8.97912,15
10.2013,10
9.34938,20
8.98229,16
10.4172,12
12.1691,14
9.3354,15
10.9044,10
10.8994,13
9.82714,36
7.73713,15
8.65459,38
9.48985,40
8.42715,17
9.72974,26
9.46152,16
10.6507,16
7.23948,25
9.44385,18
10.0862,21
9.6516,16
10.0643,16
8.47663,15
9.39877,15
9.91732,21
7.36452,16
8.70217,13
7.69809,13
7.99514,20
9.92267,15
8.96905,15
8.71891,16
7.52847,15
8.56781,9
9.64195,18
8.92372,16
9.75326,12
9.35828,14
8.5642,13
9.37128,10
9.36589,17
10.474,9
9.78635,17
9.70138,8
10.1926,48
8.96637,9
9.17878,14
9.71654,15
8.72928,11
10.7057,24
9.44472,29
12.0371,14
10.4987,7
10.2908,26
8.93443,12
10.6342,46
11.8869,21
6.75822,12
5.62225,20
9.24914,21
4.5635,25
9.11044,20
8.23134,9
8.14192,25
9.04615,10
7.15157,12
8.7186,10
9.1011,13
9.18035,19
9.69545,15
10.938,10
7.69107,11
9.47989,11
9.58022,11
7.57787,15
10.2897,11
8.58336,14
7.17297,17
7.16963,11
6.71288,19
9.15731,24
8.81393,20
6.82502,28
7.47372,17
8.98957,24
8.94168,18
8.01635,58
2.55155,25
4.9164,10
8.94533,33
6.11129,21
7.5947,27
2.6596,13
8.0052,22
7.3104,39
4.26802,18
9.62307,16
8.86464,23
10.0812,23
9.07737,15
6.79361,38
9.10209,33
8.17046,46
8.05075,61
9.25393,32
10.5963,30
6.02438,20
7.52064,18
9.57125,33
9.37228,42
9.05165,36
9.91395,47
7.81731,30
9.06972,46
10.1363,41
7.40051,34
8.02104,52
9.20193,39
9.62912,41
8.60247,18
7.28238,12
9.85743,37
9.29088,19
3.41469,12
10.0281,26
9.45271,33
8.84834,16
8.63573,29
8.92865,38
8.31486,18
10.0029,16
8.59862,19
7.01582,19
8.7101,18
3.96866,30
9.53694,18
4.69984,18
4.5273,15
8.58795,11
9.82973,12
9.71536,20
5.97472,31
8.06888,15
6.55824,31
5.1318,29
8.99119,18
7.54119,11
8.12534,12
8.16779,17
9.66011,20
10.3213,24
6.88756,12
10.5042,37
8.64695,15
10.7401,27
10.8497,21
8.64375,16
9.51575,12
11.114,18
9.4144,11
9.05478,19
9.12436,14
7.87741,25
10.7283,34
11.5165,21
10.9521,13
9.33393,16
10.2416,18
8.93573,14
9.22114,20
10.9262,21
10.7215,21
10.7614,34
9.38083,15
5.51133,16
5.09838,15
10.0724,24
8.89849,14
9.73657,32
8.86571,12
11.0463,31
9.88569,29
8.91239,14
10.7775,31
9.2077,17
10.6074,27
10.9285,22
9.79085,16
8.89928,13
10.8534,16
11.3448,19
11.0401,47
10.7612,19
9.27551,18
9.16966,22
9.92772,15
9.68001,15
10.5689,25
8.99256,43
8.52237,15
9.55942,19
11.4291,47
11.1324,9
10.0829,22
11.1162,14
8.80322,15
11.1634,19
9.7565,21
9.19113,15
8.19424,13
11.2643,46
11.0283,12
9.9744,18
9.00088,22
9.18324,18
11.3927,45
9.06592,21
10.3713,14
11.0319,15
9.37025,30
10.0907,17
9.52011,16
9.26443,35
10.3709,15
9.53303,14
9.50526,17
11.0793,38
8.55764,22
9.71083,12
9.3068,12
10.1099,11
10.7945,12
10.8241,22
9.74494,14
11.2938,22
7.96575,25
7.35683,24
9.92398,23
10.4637,33
9.65417,31
8.47181,20
9.13093,29
10.0852,20
11.2714,8
7.47513,21
9.12081,31
10.2707,8
7.88999,15
10.5453,16
11.1562,31
9.52534,22
7.69584,22
7.87,21
10.9729,12
8.60542,22
7.94133,12
10.7474,12
6.7044,15
8.262,21
10.0737,22
8.65613,42
10.6789,18
8.19224,19
11.4229,8
8.9219,22
10.0166,17
10.9446,14
9.32931,13
8.3659,13
8.69791,13
11.4643,27
11.1561,13
9.51462,16
9.85067,20
10.9462,15
11.539,15
11.5212,25
10.1524,31
10.0844,33
8.79011,10
11.4145,15
9.87003,14
10.8434,21
8.82808,21
9.83495,12
10.0518,17
10.2695,16
9.94717,15
10.8925,16
9.30013,26
9.59787,28
9.31875,20
9.47985,34
8.80967,24
9.85427,28
11.2778,15
10.1116,14
9.96859,32
10.5135,32
7.4747,15
8.07708,20
9.61313,24
10.1957,32
9.31151,22
10.0896,12
10.2534,17
8.54309,27
9.10615,13
8.78562,19
7.57766,62
8.33572,49
7.27825,49
7.61038,110
7.40622,102
7.45794,104
9.42245,64
7.95545,112
9.52928,45
7.76359,28
9.54834,44
7.5078,60
8.95327,32
8.77259,17
7.28655,132
8.20876,132
8.20939,76
7.86107,40
7.77845,113
8.72743,14
7.88654,16
7.38896,19
8.24818,47
7.5716,13
3.07603,20
3.90553,12
5.23058,16
8.50466,45
3.91609,14
7.33816,25
8.57063,15
7.9024,8
7.41545,12
8.24669,21
6.67134,27
8.26245,77
7.34425,12
6.53936,11
6.5914,17
9.07363,20
8.49438,21
4.53964,11
7.86526,11
6.00116,22
10.2045,63
10.2004,45
10.5134,48
9.75879,47
10.4285,57
10.5597,50
10.2998,70
10.2893,47
10.4283,52
9.71122,56
7.74977,20
9.65206,28
8.72914,34
9.30325,34
10.0988,29
8.53944,28
10.0867,29
10.0683,30
9.82506,28
9.25371,32
8.96567,18
9.43393,22
8.7094,18
8.48194,18
10.2522,28
7.41594,14
10.915,20
8.77683,38
10.3289,27
7.78938,24
12.084,21
7.86151,30
7.05153,24
12.2017,23
11.7901,25
7.19695,36
6.95416,25
12.1943,21
11.8416,23
6.81993,24
12.6534,22
12.3439,24
8.84254,13
7.0575,12
11.6017,30
9.8334,9
8.55376,14
12.0295,19
9.86097,17
9.2355,22
9.79564,12
10.0428,17
9.27821,37
9.86175,20
9.75665,28
9.32862,17
8.55086,41
9.70418,35
9.30797,14
9.96507,13
9.21135,20
10.2524,15
9.69313,18
10.0221,38
9.69936,23
10.0389,16
9.43068,19
10.1391,26
8.66652,18
8.29468,29
9.52957,20
9.75062,16
9.35345,17
9.83046,20
8.87352,28
7.87539,27
9.61737,17
9.54849,28
9.21963,31
8.49325,13
9.10938,22
9.68868,18
10.1281,28
8.95249,31
9.09732,11
10.5346,28
10.4174,46
9.62635,17
8.66255,15
9.40749,16
9.60056,26
8.90959,15
7.84076,16
10.8887,14
9.51976,26
8.20051,15
9.50519,16
10.15,32
9.46116,15
10.4879,28
10.7692,24
8.95118,9
9.1911,28
11.2054,21
10.3135,17
9.12455,13
9.74078,22
9.42864,22
9.6565,18
9.60926,13
9.0184,21
11.3787,15
8.89999,10
11.1089,21
10.8848,24
9.25238,10
8.83898,7
10.4585,18
9.17982,29
9.67772,30
9.03182,26
10.9224,22
8.54389,11
10.5227,16
10.3219,18
8.54732,9
9.37978,20
9.17447,12
8.80794,11
10.811,13
10.8675,24
9.08525,15
8.56449,19
9.91138,22
11.059,29
10.722,13
11.1648,23
11.44,18
10.7974,24
10.9047,23
10.8246,18
10.6632,21
11.0377,19
10.1282,23
11.0508,18
11.1152,21
10.4075,18
9.82137,24
11.2553,71
10.1424,17
10.4022,16
10.2767,15
11.3014,17
11.5869,27
11.8572,19
11.9993,26
8.99636,12
11.9329,31
12.3905,31
11.8972,19
9.14324,7
8.98229,9
8.14774,8
11.7306,31
12.1767,18
8.27952,9
11.1403,24
11.8297,23
11.7789,22
12.3016,14
12.2504,19
12.2688,15
11.6016,13
12.0531,12
12.1545,18
11.183,17
11.8672,12
10.3573,30
10.9991,24
10.9879,27
11.19,26
7.12252,28
7.99328,18
14.015,19
12.0048,24
8.51273,33
12.1947,24
8.08373,24
8.09744,25
11.83,23
7.22091,36
7.9196,24
12.8888,26
7.56124,24
7.46937,22
11.8963,51
11.9019,43
11.8848,41
12.1436,39
11.4446,50
11.0052,29
9.72556,35
11.1884,56
11.5001,28
11.6017,33
9.7825,31
9.38828,28
12.1786,35
1.12665,11
4.41418,10
12.3228,32
6.11597,11
11.8426,30
11.4785,28
11.9398,37
11.8004,31
9.95761,14
10.4775,14
6.73642,9
10.441,13
9.90666,16
9.99421,16
10.5051,14
7.06977,8
9.97547,16
10.5073,15
10.6454,17
5.24243,8
10.6877,19
10.6465,19
5.94352,7
6.68417,10
3.6537,11
6.4552,9
6.03003,11
10.0535,38
3.95419,9
10.8075,60
10.9243,38
9.6668,40
9.90836,41
6.76113,13
10.0346,42
9.73773,54
8.05598,11
10.3732,31
9.95583,36
6.62671,19
10.1854,51
9.8628,35
8.05446,14
6.87152,11
9.36083,21
8.78254,21
10.3092,31
9.67321,38
5.77008,17
7.70552,17
9.25278,61
9.25084,59
9.60001,27
8.68255,18
8.52001,22
7.82632,17
9.87724,38
4.97394,14
7.65082,14
9.27364,27
8.45169,10
7.58923,12
6.86364,27
7.14144,13
7.82141,25
9.54888,13
6.68539,13
9.14126,12
7.91765,11
10.9875,39
11.5695,47
11.5279,55
11.7712,44
11.7591,34
11.8851,52
11.0161,35
11.4064,34
11.5927,33
11.8238,40
11.7539,39
11.6481,42
11.5712,28
11.0355,40
11.4525,28
10.0498,16
9.74142,20
9.80336,15
9.81287,15
9.8022,16
10.7083,23
10.3394,21
10.7758,23
10.0044,15
8.55762,17
10.4217,15
10.1858,17
9.1344,14
10.1869,44
9.63817,23
9.15583,17
12.0869,19
12.8591,27
12.3748,22
12.4122,31
11.9042,14
11.3434,15
10.7274,15
11.2162,21
12.6844,30
11.9983,15
12.1811,20
12.527,20
11.9372,21
12.7078,34
12.2979,17
12.1148,19
12.277,39
12.2815,22
12.8769,35
12.6179,15
13.1468,34
11.7564,28
12.354,26
11.988,15
12.4688,32
12.3835,21
12.4147,15
12.5077,26
11.9496,41
11.2318,20
12.1754,25
12.9229,26
12.1388,17
12.3582,24
11.993,23
13.1937,23
9.20437,28
12.5503,18
12.787,17
12.6045,15
10.4044,25
12.6697,20
11.5437,18
12.3793,15
12.2056,19
11.4695,18
11.8794,18
10.4907,12
10.8785,11
10.5636,16
10.6122,12
10.9356,13
10.9529,21
11.2913,15
8.34317,29
10.6859,10
10.4066,14
10.8435,13
10.6119,15
9.31832,12
12.3665,18
12.3634,25
8.97831,16
12.2603,26
7.14515,15
9.92541,23
10.2073,16
9.32115,15
9.01618,15
9.41532,16
9.24797,19
7.55846,14
12.0373,19
9.07157,14
12.2485,25
6.98182,15
11.3011,15
8.63977,13
8.3578,14
7.97961,15
11.7811,17
9.4604,14
8.86724,12
10.1551,10
11.7576,20
10.3162,10
10.8338,10
10.7684,42
9.14338,11
11.8109,17
11.4317,17
9.89756,11
7.125,12
6.61233,9
5.28132,14
11.6981,14
11.5179,11
11.6267,17
11.8081,14
11.6582,30
11.6641,13
12.3961,14
11.7276,21
9.24994,15
8.38829,17
6.7298,19
9.49276,15
8.56096,10
8.99425,11
9.34523,17
6.31491,21
8.48067,16
5.80919,42
6.81117,23
8.80037,17
9.3263,17
6.92188,15
9.78569,21
7.21503,18
7.92706,11
8.71947,22
9.2754,22
7.69591,10
9.21585,27
6.30529,14
9.23293,39
8.25468,22
8.7332,33
9.44105,31
5.14933,16
8.12188,22
9.12253,18
7.86993,24
6.40014,21
9.69664,26
9.16208,21
8.40337,26
10.1529,17
7.76533,23
9.10017,17
10.2501,17
8.03122,28
7.08852,14
7.38719,15
9.71216,18
9.39407,14
9.23713,20
9.43053,24
6.96436,24
7.84794,18
9.74972,21
9.52049,10
7.50638,20
9.18052,29
8.93411,54
6.99317,20
7.43455,20
9.23979,24
7.81671,12
8.71507,13
8.09444,21
8.93497,19
8.65658,26
8.95298,21
9.6038,13
8.77366,11
9.47909,19
7.57598,13
7.94852,14
7.82734,15
8.22284,13
9.4367,30
9.3879,31
10.83,15
11.4757,15
10.7064,16
10.8252,18
11.2399,14
11.3938,14
11.2174,14
11.0156,13
10.105,22
10.9007,13
10.3705,17
10.6484,13
9.50521,23
11.9758,20
11.6684,25
11.9932,26
12.7867,25
12.2881,18
12.039,50
10.5345,7
7.71727,16
11.2178,27
9.40877,15
11.1919,40
11.5876,20
10.587,40
10.6866,23
10.144,16
7.2748,40
8.0799,28
8.04158,40
7.29469,87
5.21053,87
9.17683,12
8.65073,22
8.46891,20
11.001,21
11.4638,22
9.29123,26
10.807,19
10.308,29
11.6155,21
11.0436,19
11.703,19
12.6034,12
11.2305,18
10.82,15
8.85555,16
7.41527,12
11.555,14
10.0256,27
13.6152,35
12.5423,36
9.58944,27
7.29763,16
12.6046,20
11.4692,8
10.3343,16
10.2955,12
11.1738,19
11.8328,19
11.8637,45
11.5739,52
12.3324,23
13.2491,29
12.5986,19
14.8037,21
12.4136,29
10.3559,13
10.6009,21
9.55002,19
11.2241,20
10.5063,15
8.97661,21
8.74296,15
9.44855,13
9.64836,19
10.0173,29
10.2801,28
6.63267,21
10.0777,31
9.61019,28
6.86557,22
6.59763,21
8.04463,22
8.50679,35
7.01572,35
5.77144,18
6.10392,17
7.45121,18
8.63857,31
9.14888,29
8.83079,20
6.41818,19
7.48037,23
8.1215,27
6.76847,23
8.67297,20
5.89618,51
5.70703,24
7.5261,51
6.83929,51
8.2971,20
8.71209,19
7.62385,20
8.72633,8
7.65416,6
10.0224,9
9.83588,9
10.0089,9
8.37581,18
7.67,17
11.0431,8
10.42,6
10.0486,7
7.61656,19
11.1115,7
7.98038,19
8.27526,19
10.7174,5
6.82477,19
6.72346,22
10.5482,6
10.6826,6
10.7169,6
10.8308,7
8.77488,24
9.30054,9
8.95265,10
6.6469,18
9.34025,9
8.89854,7
8.96088,14
7.98042,30
7.88491,30
9.06107,8
6.82165,18
8.84455,8
8.36194,11
7.33935,17
8.03461,17
6.08615,19
8.12963,10
8.96166,9
6.34816,13
7.50334,29
8.20355,33
9.48472,18
8.2457,30
9.47858,18
6.49367,18
5.81675,21
5.78602,20
6.32379,20
9.52002,10
9.9206,10
4.82271,18
4.73781,15
11.0541,7
5.43475,18
8.71707,6
10.1123,7
10.2536,9
9.1826,16
9.83484,16
9.54314,10
8.34072,15
8.99792,23
10.6144,10
8.90543,14
8.43083,17
8.96697,8
9.0348,13
8.4935,9
9.52463,6
9.72603,6
9.20712,9
9.3096,8
8.12211,7
8.19065,8
7.83095,9
6.94744,12
8.46329,14
11.1015,15
7.70691,10
9.40801,11
7.12146,16
8.36557,16
10.3467,9
7.83514,9
8.85431,9
9.41679,18
8.35672,7
8.13603,6
8.44808,13
9.55039,9
10.3232,8
9.83498,6
10.0536,9
9.55492,12
10.2034,13
7.32574,14
10.1295,16
9.36436,8
10.0296,8
9.99838,8
9.40004,13
10.174,13
8.95923,7
9.77056,9
8.97206,9
10.2026,11
10.1242,11
9.26726,11
9.64362,12
9.68411,13
9.57733,13
10.3132,13
10.1216,11
10.2273,9
10.548,14
11.9154,15
11.3536,15
10.5166,17
10.2587,15
12.5236,10
12.0845,10
12.3796,12
12.0305,25
11.7857,11
12.3956,14
10.6072,14
10.8647,25
11.046,15
12.9388,14
9.59908,18
9.02607,11
11.3413,22
12.8615,12
10.4039,13
12.8168,15
12.766,15
12.3026,16
12.4604,13
11.7529,17
12.0892,14
13.6427,26
13.4751,15
13.6154,18
13.0264,14
12.2788,9
13.3141,15
9.83192,24
9.09831,25
13.1367,13
12.4852,11
11.4008,9
11.6009,15
9.98817,19
12.9651,21
11.9861,17
8.60319,12
10.3815,17
10.1137,21
11.5352,15
12.2983,19
12.1959,10
12.0892,13
13.5666,13
12.4068,14
10.3697,30
11.4362,13
9.53146,9
13.9183,14
10.1808,26
9.64932,11
9.08686,12
12.7725,11
12.349,13
12.6697,11
10.2035,14
10.0381,26
11.5394,13
11.5827,15
10.909,15
8.11209,31
11.8324,10
12.3858,14
14.4188,10
12.8435,19
10.4821,15
12.8082,12
9.24664,14
11.9637,16
10.3506,12
12.3535,14
12.9523,15
10.9028,17
12.7833,20
7.75077,17
9.67041,12
10.2111,17
10.3442,15
11.3751,9
10.7067,10
10.2078,15
11.0699,16
10.3644,15
6.07544,10
9.98981,16
10.8302,17
10.7579,23
6.25187,8
10.9289,11
11.0923,18
10.606,15
11.4605,16
10.9855,10
10.3237,14
9.22416,28
10.7891,15
10.9934,20
10.6698,17
7.14541,20
10.5183,18
10.2436,18
11.4786,30
11.4516,16
10.3359,19
9.72996,18
6.23054,14
10.1935,18
9.17579,13
9.3852,20
9.08029,16
9.83129,23
10.391,36
10.8587,17
9.66741,17
8.97364,17
9.18775,11
10.0908,26
10.2377,16
10.6684,9
6.12979,15
10.7353,10
5.87254,14
5.58248,14
10.4703,15
6.33331,13
11.4464,15
10.6673,12
10.0206,23
6.24617,18
6.1674,15
6.21583,18
5.7393,13
9.70431,43
9.95976,21
6.30565,32
9.94667,20
10.2695,20
9.92088,15
10.2827,22
1.98478,38
3.81259,27
7.79266,16
5.00942,32
8.00963,15
9.91347,18
4.2433,27
5.79233,24
5.30675,24
4.29602,44
7.34387,24
7.75003,36
8.78203,19
10.0434,20
5.07398,28
9.56125,31
4.72321,44
9.17858,35
4.95439,25
10.5349,73
11.1146,59
9.86973,40
9.17341,23
9.28557,23
10.3507,30
7.7169,21
9.97511,26
8.63297,25
7.4145,26
11.5457,52
7.85254,23
11.0435,42
9.85241,18
7.61459,24
11.7592,42
8.42319,30
6.80995,34
10.7442,19
8.79279,30
6.77457,28
10.3973,30
8.49078,22
9.60074,21
9.68897,29
10.512,19
12.0981,27
10.4317,21
7.38586,28
11.5164,29
9.75689,24
10.6864,20
8.92579,28
9.85023,25
9.5804,32
8.8176,19
9.59181,25
9.52488,22
5.875,26
6.4966,29
7.1182,23
9.87823,72
8.85241,61
2.91327,24
5.60099,16
10.6271,67
10.9023,58
11.5817,43
7.67697,15
10.0838,41
6.86049,12
12.2642,51
11.0985,34
3.82738,37
10.355,48
9.35546,50
11.3911,59
10.183,42
12.8954,44
12.2372,42
8.32705,53
5.12908,21
8.39796,32
5.90081,27
8.89158,12
2.89133,21
5.80187,19
7.84949,21
1.7364,21
1.24676,16
3.01865,23
4.69927,22
4.13271,14
1.95089,21
3.08274,15
3.42359,20
2.26029,15
1.72073,14
4.36397,26
2.00144,13
10.5268,34
0.92602,23
11.6371,26
11.5916,18
12.0853,22
3.84356,9
11.197,15
4.87268,26
3.97073,8
9.60102,15
4.80191,11
5.46775,26
4.77921,49
10.4734,16
11.4462,17
11.666,17
11.1942,19
4.11921,21
5.30444,27
10.8555,24
5.31731,23
5.65043,21
5.27924,32
4.28288,21
11.4363,42
5.24218,31
5.34613,17
12.3443,49
11.9417,40
5.36492,24
5.18044,19
12.4963,32
5.47901,23
4.97723,19
5.15495,18
4.92207,22
1.2736,19
4.21044,34
2.22358,25
3.24942,22
4.38823,30
3.74947,59
2.48288,25
9.98843,16
4.71351,31
3.67972,20
10.7121,20
8.53767,26
2.94172,22
10.4276,37
10.3481,27
11.6455,42
9.53878,15
9.46758,26
10.9432,25
10.5476,16
10.5476,18
9.47533,16
3.9596,24
9.91343,11
10.0465,14
11.1803,22
10.6917,16
10.5357,30
9.58992,18
9.60624,21
9.59636,12
8.02239,16
10.4198,21
11.0379,16
9.73639,14
9.35733,12
9.18389,10
11.2882,35
9.30293,18
9.1652,9
11.906,27
10.8755,15
10.2711,15
9.33086,15
9.7937,17
10.7353,14
9.06676,15
10.5092,12
10.8235,11
10.2282,15
9.59008,12
10.0549,12
10.2604,22
10.5909,18
9.68053,11
9.8926,12
9.86523,14
9.09694,12
10.5135,12
9.11655,11
10.3193,28
11.3499,24
9.46264,26
10.7431,24
10.2688,25
12.2062,36
11.0767,28
7.95573,16
9.73282,18
12.176,26
9.1682,36
10.3621,28
10.8045,26
11.2766,36
9.82398,36
7.89987,22
10.0971,25
10.2557,20
10.7715,36
10.7773,33
10.2671,24
8.17982,14
8.70354,16
10.9514,35
10.1317,12
10.9376,14
11.0827,16
10.9249,33
9.42607,22
11.0454,12
11.8087,14
10.5782,26
11.3417,12
10.1818,16
11.6653,25.6
10.8129,12
11.6785,35
10.0282,22
9.22959,35
10.1698,31
12.9018,35
10.9749,31
11.3239,35
11.3588,35
9.39357,10
7.18074,10
8.4728,14
9.16841,36.6
10.7862,36.6
10.826,13
10.2359,13
9.60211,17
11.9614,42
9.542,14
13.1986,37
10.0767,14
11.0455,14
6.08109,41
12.8788,38
9.41512,21
3.35087,41
10.6292,46
5.08399,39
5.41092,43
5.61922,65
7.75354,15
7.37629,14
11.5175,60
7.15516,15
8.49789,36
10.1412,50
9.48129,48
8.94939,14
6.56485,15
10.2545,37
8.22227,48
6.14762,10
5.01362,32
4.97013,16
11.2829,36
11.2668,56
10.5962,50
9.87576,34
9.22337,62
10.7449,25
9.05963,36
9.47991,37
11.2593,25
10.5275,25
12.0282,34
9.08506,44
12.1373,31
9.32415,47
11.7944,18
11.8116,29
11.8025,41
12.58,33
11.0166,18
10.4343,17
12.6575,38
11.39,35
11.6283,33
9.80128,41
10.0318,39
10.7312,36
9.10285,31
11.3141,51
11.5468,30
7.85831,49
7.97989,39
7.7918,47
7.99563,45
7.5145,41
7.99969,47
7.50185,36
8.17418,43
8.0475,50
8.50525,45
7.54132,45
9.1134,36
7.60978,55
6.65451,13
8.13555,49
7.37756,34
7.29166,12
7.26284,47
7.91862,13
7.63449,13
7.95656,13
8.40148,33
8.50813,39
7.454,30
6.60908,12
8.54192,42
7.22772,28
8.50121,33
8.6253,40
8.55388,51
7.90293,53
7.97234,29
9.11029,19
8.56803,30
8.33884,37
8.15371,50
8.08007,25
7.99246,57
8.60639,10
8.24392,22
7.13982,27
8.17145,41
8.87275,14
7.87592,23
7.90675,66
8.501,19
8.25395,30
7.29239,43
8.58031,21
8.95786,13
7.98988,49
7.47404,22
7.74683,61
8.12119,30
9.63564,19
8.30506,18
7.98657,21
7.52093,47
8.50756,38
7.8253,21
8.12944,41
7.80269,21
9.7859,20
7.55933,61
8.0452,43
9.57007,20
8.44193,26
8.02256,18
9.2664,20
8.06251,22
7.28739,33
7.81368,25
8.17553,37
8.4042,24
8.23154,34
8.32701,32
9.16103,22
9.50309,38
7.92631,15
9.57513,34
8.94415,52
7.84918,16
9.61794,45
8.51211,16
8.13252,28
9.17097,37
9.12608,39
8.6639,39
8.07197,51
8.48884,24
8.49798,21
9.12684,45
8.83678,26
7.78663,33
9.56601,70
8.53519,25
8.20416,19
9.521,41
7.91083,28
8.51889,34
10.3765,66
9.25428,51
9.40764,17
7.27826,31
9.41188,19
7.74571,39
9.18499,70
7.60019,41
9.60158,49
9.41228,59
9.47477,62
9.11751,13
9.0619,13
9.20843,21
8.47158,19
9.1595,67
8.34081,82
9.79949,73
9.45286,77
9.17423,82
8.45816,74
8.12854,28
